"Date:";"2024-03-20 15:07:34"
"Programme python:";"D:\Programmes-kicad-Python\bom_csv_grouped_by_value_with_fp.py"
"";""
"";""
"Ref";"Valeur";"Fabriquant";"Reference fabricant";"Distributeur 1";"Distributeur 2";"Cmp name";"Description";"Quantite";"Footprint";"Documentation";"DNP"
"C2";"100p";"KEMET";"C0603C101J3GACTU";"205-3319(RS)";"";"R";"Resistor";"1";"Omipassif:C_1206_3216Metric_Pad1.33x1.80mm_HandSolder";"https://docs.rs-online.com/3344/A700000007097346.pdf";""
"C3";"1n";"Vishay";"VJ0603A102FXACW1BC";"272-7830(RS)";"";"R";"Resistor";"1";"Omipassif:C_1206_3216Metric_Pad1.33x1.80mm_HandSolder";"https://docs.rs-online.com/a355/A700000010136499.pdf";""
"C4";"10n";"Vishay";"VJ1210A103FXAAT";"651-9998(RS)";"";"R";"Resistor";"1";"Omipassif:C_1206_3216Metric_Pad1.33x1.80mm_HandSolder";"https://docs.rs-online.com/fe71/A700000010135799.pdf";""
"C5";"100n";"Vishay";"VJ0603Y104KXBCW1BC";"272-7888(RS)";"";"R";"Resistor";"1";"Omipassif:C_1206_3216Metric_Pad1.33x1.80mm_HandSolder";"https://docs.rs-online.com/a2f5/A700000010136827.pdf";""
"C6";"1u";"Vishay";"VJ0805Y105KXATW1BC";"272-7946(RS)";"";"R";"Resistor";"1";"Omipassif:C_1206_3216Metric_Pad1.33x1.80mm_HandSolder";"https://docs.rs-online.com/0c1a/A700000010135775.pdf";""
"C7";"10u";"KEMET";"T356B105K050AT";"152-6096(RS)";"";"R";"Resistor";"1";"Omipassif:Condo_1_2x0_5 - Copie";"https://docs.rs-online.com/3c46/0900766b815a4713.pdf";""
"C8";"100u";"RS PRO";"RS PRO";"711-2096(RS)";"";"R";"Resistor";"1";"Omipassif:Condo_1_7x0_5";"https://docs.rs-online.com/6a51/0900766b81581771.pdf";""
"C9";"1000u";"RS PRO";"RS PRO";"711-0842P(RS)";"";"R";"Resistor";"1";"Omipassif:Condo_2x1";"~";""
"C10";"10000u";"RS PRO";"RS PRO";"711-1214(RS)";"";"R";"Resistor";"1";"Omipassif:Condo_4x2";"https://docs.rs-online.com/f955/0900766b815816cf.pdf";""
"C11";"X";"";"";"";"";"R";"Resistor";"1";"Omipassif:C_1206_3216Metric_Pad1.33x1.80mm_HandSolder";"~";""
"C12";"X";"";"";"";"";"R";"Resistor";"1";"Omipassif:C_1206_3216Metric_Pad1.33x1.80mm_HandSolder";"~";""
"H1";"MountingHole";"-";"-";"";"";"Fixation_M3_1";"Mounting Hole without connection";"1";"Omidivers:Fixation_M3";"~";""
"H2";"MountingHole";"-";"-";"";"";"Fixation_M3_1";"Mounting Hole without connection";"1";"Omidivers:Fixation_M3";"~";""
"H3";"MountingHole";"-";"-";"";"";"Fixation_M3_1";"Mounting Hole without connection";"1";"Omidivers:Fixation_M3";"~";""
"J1";"DIN41612_SYNOR";"HARTING";"9732646801";"RS:470-465";"F:1096940";"DIN41612_SYNOR";"DIN R female angled, 64pin, PL2 (rows a,c loaded)";"1";"Omiconnecteur:DIN41612_SYNOR";"https://b2b.harting.com/files/download/PRD/PDF_PD/PDF_PD_09731966903_EN.pdf";""
"J2";"Conn_01x32_P2.54mm_pinheader_vertical";"Amphenol";"77311-102-36LF";"DK:609-6203-ND";"M:77311-102-36LF";"Conn_01x32_P2.54mm_pinheader_vertical";"Generic connector, single row, 01x32, script generated (kicad-library-utils/schlib/autogen/connector/)";"1";"Omiconnecteur:PinHeader_1x32_P2.54mm_V_omi";"https://cdn.amphenol-cs.com/media/wysiwyg/files/documentation/datasheet/boardwiretoboard/bwb_bergstik.pdf";""
"J3";"Conn_01x32_P2.54mm_pinheader_vertical";"Amphenol";"77311-102-36LF";"DK:609-6203-ND";"M:77311-102-36LF";"Conn_01x32_P2.54mm_pinheader_vertical";"Generic connector, single row, 01x32, script generated (kicad-library-utils/schlib/autogen/connector/)";"1";"Omiconnecteur:PinHeader_1x32_P2.54mm_V_omi";"https://cdn.amphenol-cs.com/media/wysiwyg/files/documentation/datasheet/boardwiretoboard/bwb_bergstik.pdf";""
"J4";"Conn_02x08_Odd_Even";"Amphenol";"77313-118-72LF";"F:2886108";"M:649-77313-118-72LF";"Conn_02x02_Odd_Even_omi";"Generic connector, double row, 02x08, odd/even pin numbering scheme (row 1 odd numbers, row 2 even numbers), script generated (kicad-library-utils/schlib/autogen/connector/)";"1";"Omiconnecteur:PinHeader_2x08_P2.54mm_V_omi";"https://cdn.amphenol-cs.com/media/wysiwyg/files/documentation/datasheet/boardwiretoboard/bwb_bergstik.pdf";""
"J5";"Conn_02x08_Odd_Even";"Amphenol";"77313-118-72LF";"F:2886108";"M:649-77313-118-72LF";"Conn_02x02_Odd_Even_omi";"Generic connector, double row, 02x08, odd/even pin numbering scheme (row 1 odd numbers, row 2 even numbers), script generated (kicad-library-utils/schlib/autogen/connector/)";"1";"Omiconnecteur:PinHeader_2x08_P2.54mm_V_omi";"https://cdn.amphenol-cs.com/media/wysiwyg/files/documentation/datasheet/boardwiretoboard/bwb_bergstik.pdf";""
"J6";"Conn_02x08_Odd_Even";"Amphenol";"77313-118-72LF";"F:2886108";"M:649-77313-118-72LF";"Conn_02x02_Odd_Even_omi";"Generic connector, double row, 02x08, odd/even pin numbering scheme (row 1 odd numbers, row 2 even numbers), script generated (kicad-library-utils/schlib/autogen/connector/)";"1";"Omiconnecteur:PinHeader_2x08_P2.54mm_V_omi";"https://cdn.amphenol-cs.com/media/wysiwyg/files/documentation/datasheet/boardwiretoboard/bwb_bergstik.pdf";""
"J7";"Conn_02x08_Odd_Even";"Amphenol";"77313-118-72LF";"F:2886108";"M:649-77313-118-72LF";"Conn_02x02_Odd_Even_omi";"Generic connector, double row, 02x08, odd/even pin numbering scheme (row 1 odd numbers, row 2 even numbers), script generated (kicad-library-utils/schlib/autogen/connector/)";"1";"Omiconnecteur:PinHeader_2x08_P2.54mm_V_omi";"https://cdn.amphenol-cs.com/media/wysiwyg/files/documentation/datasheet/boardwiretoboard/bwb_bergstik.pdf";""
"J8";"Conn_02x08_Odd_Even";"Amphenol";"77313-118-72LF";"F:2886108";"M:649-77313-118-72LF";"Conn_02x02_Odd_Even_omi";"Generic connector, double row, 02x08, odd/even pin numbering scheme (row 1 odd numbers, row 2 even numbers), script generated (kicad-library-utils/schlib/autogen/connector/)";"1";"Omiconnecteur:PinHeader_2x08_P2.54mm_V_omi";"https://cdn.amphenol-cs.com/media/wysiwyg/files/documentation/datasheet/boardwiretoboard/bwb_bergstik.pdf";""
"J9";"Conn_02x08_Odd_Even";"Amphenol";"77313-118-72LF";"F:2886108";"M:649-77313-118-72LF";"Conn_02x02_Odd_Even_omi";"Generic connector, double row, 02x08, odd/even pin numbering scheme (row 1 odd numbers, row 2 even numbers), script generated (kicad-library-utils/schlib/autogen/connector/)";"1";"Omiconnecteur:PinHeader_2x08_P2.54mm_V_omi";"https://cdn.amphenol-cs.com/media/wysiwyg/files/documentation/datasheet/boardwiretoboard/bwb_bergstik.pdf";""
"J10";"Conn_02x08_Odd_Even";"Amphenol";"77313-118-72LF";"F:2886108";"M:649-77313-118-72LF";"Conn_02x02_Odd_Even_omi";"Generic connector, double row, 02x08, odd/even pin numbering scheme (row 1 odd numbers, row 2 even numbers), script generated (kicad-library-utils/schlib/autogen/connector/)";"1";"Omiconnecteur:PinHeader_2x08_P2.54mm_V_omi";"https://cdn.amphenol-cs.com/media/wysiwyg/files/documentation/datasheet/boardwiretoboard/bwb_bergstik.pdf";""
"J11";"Conn_02x08_Odd_Even";"Amphenol";"77313-118-72LF";"F:2886108";"M:649-77313-118-72LF";"Conn_02x02_Odd_Even_omi";"Generic connector, double row, 02x08, odd/even pin numbering scheme (row 1 odd numbers, row 2 even numbers), script generated (kicad-library-utils/schlib/autogen/connector/)";"1";"Omiconnecteur:PinHeader_2x08_P2.54mm_V_omi";"https://cdn.amphenol-cs.com/media/wysiwyg/files/documentation/datasheet/boardwiretoboard/bwb_bergstik.pdf";""
"J12";"Conn_02x08_Odd_Even";"Amphenol";"77313-118-72LF";"F:2886108";"M:649-77313-118-72LF";"Conn_02x02_Odd_Even_omi";"Generic connector, double row, 02x08, odd/even pin numbering scheme (row 1 odd numbers, row 2 even numbers), script generated (kicad-library-utils/schlib/autogen/connector/)";"1";"Omiconnecteur:PinHeader_2x08_P2.54mm_V_omi";"https://cdn.amphenol-cs.com/media/wysiwyg/files/documentation/datasheet/boardwiretoboard/bwb_bergstik.pdf";""
"J13";"Conn_02x08_Odd_Even";"Amphenol";"77313-118-72LF";"F:2886108";"M:649-77313-118-72LF";"Conn_02x02_Odd_Even_omi";"Generic connector, double row, 02x08, odd/even pin numbering scheme (row 1 odd numbers, row 2 even numbers), script generated (kicad-library-utils/schlib/autogen/connector/)";"1";"Omiconnecteur:PinHeader_2x08_P2.54mm_V_omi";"https://cdn.amphenol-cs.com/media/wysiwyg/files/documentation/datasheet/boardwiretoboard/bwb_bergstik.pdf";""
"J14";"Conn_02x08_Odd_Even";"Amphenol";"77313-118-72LF";"F:2886108";"M:649-77313-118-72LF";"Conn_02x02_Odd_Even_omi";"Generic connector, double row, 02x08, odd/even pin numbering scheme (row 1 odd numbers, row 2 even numbers), script generated (kicad-library-utils/schlib/autogen/connector/)";"1";"Omiconnecteur:PinHeader_2x08_P2.54mm_V_omi";"https://cdn.amphenol-cs.com/media/wysiwyg/files/documentation/datasheet/boardwiretoboard/bwb_bergstik.pdf";""
"J15";"Conn_02x08_Odd_Even";"Amphenol";"77313-118-72LF";"F:2886108";"M:649-77313-118-72LF";"Conn_02x02_Odd_Even_omi";"Generic connector, double row, 02x08, odd/even pin numbering scheme (row 1 odd numbers, row 2 even numbers), script generated (kicad-library-utils/schlib/autogen/connector/)";"1";"Omiconnecteur:PinHeader_2x08_P2.54mm_V_omi";"https://cdn.amphenol-cs.com/media/wysiwyg/files/documentation/datasheet/boardwiretoboard/bwb_bergstik.pdf";""
"J16";"Conn_02x08_Odd_Even";"Amphenol";"77313-118-72LF";"F:2886108";"M:649-77313-118-72LF";"Conn_02x02_Odd_Even_omi";"Generic connector, double row, 02x08, odd/even pin numbering scheme (row 1 odd numbers, row 2 even numbers), script generated (kicad-library-utils/schlib/autogen/connector/)";"1";"Omiconnecteur:PinHeader_2x08_P2.54mm_V_omi";"https://cdn.amphenol-cs.com/media/wysiwyg/files/documentation/datasheet/boardwiretoboard/bwb_bergstik.pdf";""
"J17";"Conn_02x08_Odd_Even";"Amphenol";"77313-118-72LF";"F:2886108";"M:649-77313-118-72LF";"Conn_02x02_Odd_Even_omi";"Generic connector, double row, 02x08, odd/even pin numbering scheme (row 1 odd numbers, row 2 even numbers), script generated (kicad-library-utils/schlib/autogen/connector/)";"1";"Omiconnecteur:PinHeader_2x08_P2.54mm_V_omi";"https://cdn.amphenol-cs.com/media/wysiwyg/files/documentation/datasheet/boardwiretoboard/bwb_bergstik.pdf";""
"J20";"Conn_02x08_Odd_Even";"Amphenol";"77313-118-72LF";"F:2886108";"M:649-77313-118-72LF";"Conn_02x02_Odd_Even_omi";"Generic connector, double row, 02x08, odd/even pin numbering scheme (row 1 odd numbers, row 2 even numbers), script generated (kicad-library-utils/schlib/autogen/connector/)";"1";"Omiconnecteur:PinHeader_2x08_P2.54mm_V_omi";"https://cdn.amphenol-cs.com/media/wysiwyg/files/documentation/datasheet/boardwiretoboard/bwb_bergstik.pdf";""
"J21";"Conn_02x08_Odd_Even";"Amphenol";"77313-118-72LF";"F:2886108";"M:649-77313-118-72LF";"Conn_02x02_Odd_Even_omi";"Generic connector, double row, 02x08, odd/even pin numbering scheme (row 1 odd numbers, row 2 even numbers), script generated (kicad-library-utils/schlib/autogen/connector/)";"1";"Omiconnecteur:PinHeader_2x08_P2.54mm_V_omi";"https://cdn.amphenol-cs.com/media/wysiwyg/files/documentation/datasheet/boardwiretoboard/bwb_bergstik.pdf";""
"J22";"Conn_02x08_Odd_Even";"Amphenol";"77313-118-72LF";"F:2886108";"M:649-77313-118-72LF";"Conn_02x02_Odd_Even_omi";"Generic connector, double row, 02x08, odd/even pin numbering scheme (row 1 odd numbers, row 2 even numbers), script generated (kicad-library-utils/schlib/autogen/connector/)";"1";"Omiconnecteur:PinHeader_2x08_P2.54mm_V_omi";"https://cdn.amphenol-cs.com/media/wysiwyg/files/documentation/datasheet/boardwiretoboard/bwb_bergstik.pdf";""
"J23";"Conn_02x08_Odd_Even";"Amphenol";"77313-118-72LF";"F:2886108";"M:649-77313-118-72LF";"Conn_02x02_Odd_Even_omi";"Generic connector, double row, 02x08, odd/even pin numbering scheme (row 1 odd numbers, row 2 even numbers), script generated (kicad-library-utils/schlib/autogen/connector/)";"1";"Omiconnecteur:PinHeader_2x08_P2.54mm_V_omi";"https://cdn.amphenol-cs.com/media/wysiwyg/files/documentation/datasheet/boardwiretoboard/bwb_bergstik.pdf";""
"J24";"Conn_02x08_Odd_Even";"Amphenol";"77313-118-72LF";"F:2886108";"M:649-77313-118-72LF";"Conn_02x02_Odd_Even_omi";"Generic connector, double row, 02x08, odd/even pin numbering scheme (row 1 odd numbers, row 2 even numbers), script generated (kicad-library-utils/schlib/autogen/connector/)";"1";"Omiconnecteur:PinHeader_2x08_P2.54mm_V_omi";"https://cdn.amphenol-cs.com/media/wysiwyg/files/documentation/datasheet/boardwiretoboard/bwb_bergstik.pdf";""
"J25";"Conn_02x08_Odd_Even";"Amphenol";"77313-118-72LF";"F:2886108";"M:649-77313-118-72LF";"Conn_02x02_Odd_Even_omi";"Generic connector, double row, 02x08, odd/even pin numbering scheme (row 1 odd numbers, row 2 even numbers), script generated (kicad-library-utils/schlib/autogen/connector/)";"1";"Omiconnecteur:PinHeader_2x08_P2.54mm_V_omi";"https://cdn.amphenol-cs.com/media/wysiwyg/files/documentation/datasheet/boardwiretoboard/bwb_bergstik.pdf";""
"J26";"Conn_02x08_Odd_Even";"Amphenol";"77313-118-72LF";"F:2886108";"M:649-77313-118-72LF";"Conn_02x02_Odd_Even_omi";"Generic connector, double row, 02x08, odd/even pin numbering scheme (row 1 odd numbers, row 2 even numbers), script generated (kicad-library-utils/schlib/autogen/connector/)";"1";"Omiconnecteur:PinHeader_2x08_P2.54mm_V_omi";"https://cdn.amphenol-cs.com/media/wysiwyg/files/documentation/datasheet/boardwiretoboard/bwb_bergstik.pdf";""
"J27";"Conn_02x08_Odd_Even";"Amphenol";"77313-118-72LF";"F:2886108";"M:649-77313-118-72LF";"Conn_02x02_Odd_Even_omi";"Generic connector, double row, 02x08, odd/even pin numbering scheme (row 1 odd numbers, row 2 even numbers), script generated (kicad-library-utils/schlib/autogen/connector/)";"1";"Omiconnecteur:PinHeader_2x08_P2.54mm_V_omi";"https://cdn.amphenol-cs.com/media/wysiwyg/files/documentation/datasheet/boardwiretoboard/bwb_bergstik.pdf";""
"J28";"Conn_02x08_Odd_Even";"Amphenol";"77313-118-72LF";"F:2886108";"M:649-77313-118-72LF";"Conn_02x02_Odd_Even_omi";"Generic connector, double row, 02x08, odd/even pin numbering scheme (row 1 odd numbers, row 2 even numbers), script generated (kicad-library-utils/schlib/autogen/connector/)";"1";"Omiconnecteur:PinHeader_2x08_P2.54mm_V_omi";"https://cdn.amphenol-cs.com/media/wysiwyg/files/documentation/datasheet/boardwiretoboard/bwb_bergstik.pdf";""
"J29";"Conn_02x08_Odd_Even";"Amphenol";"77313-118-72LF";"F:2886108";"M:649-77313-118-72LF";"Conn_02x02_Odd_Even_omi";"Generic connector, double row, 02x08, odd/even pin numbering scheme (row 1 odd numbers, row 2 even numbers), script generated (kicad-library-utils/schlib/autogen/connector/)";"1";"Omiconnecteur:PinHeader_2x08_P2.54mm_V_omi";"https://cdn.amphenol-cs.com/media/wysiwyg/files/documentation/datasheet/boardwiretoboard/bwb_bergstik.pdf";""
"J30";"Conn_02x08_Odd_Even";"Amphenol";"77313-118-72LF";"F:2886108";"M:649-77313-118-72LF";"Conn_02x02_Odd_Even_omi";"Generic connector, double row, 02x08, odd/even pin numbering scheme (row 1 odd numbers, row 2 even numbers), script generated (kicad-library-utils/schlib/autogen/connector/)";"1";"Omiconnecteur:PinHeader_2x08_P2.54mm_V_omi";"https://cdn.amphenol-cs.com/media/wysiwyg/files/documentation/datasheet/boardwiretoboard/bwb_bergstik.pdf";""
"J31";"Conn_02x08_Odd_Even";"Amphenol";"77313-118-72LF";"F:2886108";"M:649-77313-118-72LF";"Conn_02x02_Odd_Even_omi";"Generic connector, double row, 02x08, odd/even pin numbering scheme (row 1 odd numbers, row 2 even numbers), script generated (kicad-library-utils/schlib/autogen/connector/)";"1";"Omiconnecteur:PinHeader_2x08_P2.54mm_V_omi";"https://cdn.amphenol-cs.com/media/wysiwyg/files/documentation/datasheet/boardwiretoboard/bwb_bergstik.pdf";""
"J18";"Conn_01x0_P2.54mm_pinheader_vertical";"Amphenol";"77311-102-36LF";"DK:609-6203-ND";"M:77311-102-36LF";"Conn_01x0_P2.54mm_pinheader_vertical";"Generic connector, single row, 01x01, script generated (kicad-library-utils/schlib/autogen/connector/)";"1";"Omiconnecteur:PinHeader_1x01_P2.54mm_V_omi";"https://cdn.amphenol-cs.com/media/wysiwyg/files/documentation/datasheet/boardwiretoboard/bwb_bergstik.pdf";""
"J19";"Conn_01x0_P2.54mm_pinheader_vertical";"Amphenol";"77311-102-36LF";"DK:609-6203-ND";"M:77311-102-36LF";"Conn_01x0_P2.54mm_pinheader_vertical";"Generic connector, single row, 01x01, script generated (kicad-library-utils/schlib/autogen/connector/)";"1";"Omiconnecteur:PinHeader_1x01_P2.54mm_V_omi";"https://cdn.amphenol-cs.com/media/wysiwyg/files/documentation/datasheet/boardwiretoboard/bwb_bergstik.pdf";""
"J32";"Conn_01x0_P2.54mm_pinheader_vertical";"Amphenol";"77311-102-36LF";"DK:609-6203-ND";"M:77311-102-36LF";"Conn_01x0_P2.54mm_pinheader_vertical";"Generic connector, single row, 01x01, script generated (kicad-library-utils/schlib/autogen/connector/)";"1";"Omiconnecteur:PinHeader_1x01_P2.54mm_V_omi";"https://cdn.amphenol-cs.com/media/wysiwyg/files/documentation/datasheet/boardwiretoboard/bwb_bergstik.pdf";""
"J33";"Conn_01x0_P2.54mm_pinheader_vertical";"Amphenol";"77311-102-36LF";"DK:609-6203-ND";"M:77311-102-36LF";"Conn_01x0_P2.54mm_pinheader_vertical";"Generic connector, single row, 01x01, script generated (kicad-library-utils/schlib/autogen/connector/)";"1";"Omiconnecteur:PinHeader_1x01_P2.54mm_V_omi";"https://cdn.amphenol-cs.com/media/wysiwyg/files/documentation/datasheet/boardwiretoboard/bwb_bergstik.pdf";""
"J34";"Conn_01x0_P2.54mm_pinheader_vertical";"Amphenol";"77311-102-36LF";"DK:609-6203-ND";"M:77311-102-36LF";"Conn_01x0_P2.54mm_pinheader_vertical";"Generic connector, single row, 01x01, script generated (kicad-library-utils/schlib/autogen/connector/)";"1";"Omiconnecteur:PinHeader_1x01_P2.54mm_V_omi";"https://cdn.amphenol-cs.com/media/wysiwyg/files/documentation/datasheet/boardwiretoboard/bwb_bergstik.pdf";""
"J35";"Conn_01x0_P2.54mm_pinheader_vertical";"Amphenol";"77311-102-36LF";"DK:609-6203-ND";"M:77311-102-36LF";"Conn_01x0_P2.54mm_pinheader_vertical";"Generic connector, single row, 01x01, script generated (kicad-library-utils/schlib/autogen/connector/)";"1";"Omiconnecteur:PinHeader_1x01_P2.54mm_V_omi";"https://cdn.amphenol-cs.com/media/wysiwyg/files/documentation/datasheet/boardwiretoboard/bwb_bergstik.pdf";""
"J36";"Conn_01x0_P2.54mm_pinheader_vertical";"Amphenol";"77311-102-36LF";"DK:609-6203-ND";"M:77311-102-36LF";"Conn_01x0_P2.54mm_pinheader_vertical";"Generic connector, single row, 01x01, script generated (kicad-library-utils/schlib/autogen/connector/)";"1";"Omiconnecteur:PinHeader_1x01_P2.54mm_V_omi";"https://cdn.amphenol-cs.com/media/wysiwyg/files/documentation/datasheet/boardwiretoboard/bwb_bergstik.pdf";""
"J37";"Conn_01x0_P2.54mm_pinheader_vertical";"Amphenol";"77311-102-36LF";"DK:609-6203-ND";"M:77311-102-36LF";"Conn_01x0_P2.54mm_pinheader_vertical";"Generic connector, single row, 01x01, script generated (kicad-library-utils/schlib/autogen/connector/)";"1";"Omiconnecteur:PinHeader_1x01_P2.54mm_V_omi";"https://cdn.amphenol-cs.com/media/wysiwyg/files/documentation/datasheet/boardwiretoboard/bwb_bergstik.pdf";""
"J38";"Conn_01x0_P2.54mm_pinheader_vertical";"Amphenol";"77311-102-36LF";"DK:609-6203-ND";"M:77311-102-36LF";"Conn_01x0_P2.54mm_pinheader_vertical";"Generic connector, single row, 01x01, script generated (kicad-library-utils/schlib/autogen/connector/)";"1";"Omiconnecteur:PinHeader_1x01_P2.54mm_V_omi";"https://cdn.amphenol-cs.com/media/wysiwyg/files/documentation/datasheet/boardwiretoboard/bwb_bergstik.pdf";""
"J39";"Conn_01x0_P2.54mm_pinheader_vertical";"Amphenol";"77311-102-36LF";"DK:609-6203-ND";"M:77311-102-36LF";"Conn_01x0_P2.54mm_pinheader_vertical";"Generic connector, single row, 01x01, script generated (kicad-library-utils/schlib/autogen/connector/)";"1";"Omiconnecteur:PinHeader_1x01_P2.54mm_V_omi";"https://cdn.amphenol-cs.com/media/wysiwyg/files/documentation/datasheet/boardwiretoboard/bwb_bergstik.pdf";""
"J40";"Conn_01x0_P2.54mm_pinheader_vertical";"Amphenol";"77311-102-36LF";"DK:609-6203-ND";"M:77311-102-36LF";"Conn_01x0_P2.54mm_pinheader_vertical";"Generic connector, single row, 01x01, script generated (kicad-library-utils/schlib/autogen/connector/)";"1";"Omiconnecteur:PinHeader_1x01_P2.54mm_V_omi";"https://cdn.amphenol-cs.com/media/wysiwyg/files/documentation/datasheet/boardwiretoboard/bwb_bergstik.pdf";""
"J41";"Conn_01x0_P2.54mm_pinheader_vertical";"Amphenol";"77311-102-36LF";"DK:609-6203-ND";"M:77311-102-36LF";"Conn_01x0_P2.54mm_pinheader_vertical";"Generic connector, single row, 01x01, script generated (kicad-library-utils/schlib/autogen/connector/)";"1";"Omiconnecteur:PinHeader_1x01_P2.54mm_V_omi";"https://cdn.amphenol-cs.com/media/wysiwyg/files/documentation/datasheet/boardwiretoboard/bwb_bergstik.pdf";""
"J42";"Conn_01x0_P2.54mm_pinheader_vertical";"Amphenol";"77311-102-36LF";"DK:609-6203-ND";"M:77311-102-36LF";"Conn_01x0_P2.54mm_pinheader_vertical";"Generic connector, single row, 01x01, script generated (kicad-library-utils/schlib/autogen/connector/)";"1";"Omiconnecteur:PinHeader_1x01_P2.54mm_V_omi";"https://cdn.amphenol-cs.com/media/wysiwyg/files/documentation/datasheet/boardwiretoboard/bwb_bergstik.pdf";""
"J43";"Conn_01x0_P2.54mm_pinheader_vertical";"Amphenol";"77311-102-36LF";"DK:609-6203-ND";"M:77311-102-36LF";"Conn_01x0_P2.54mm_pinheader_vertical";"Generic connector, single row, 01x01, script generated (kicad-library-utils/schlib/autogen/connector/)";"1";"Omiconnecteur:PinHeader_1x01_P2.54mm_V_omi";"https://cdn.amphenol-cs.com/media/wysiwyg/files/documentation/datasheet/boardwiretoboard/bwb_bergstik.pdf";""
"J44";"Conn_01x0_P2.54mm_pinheader_vertical";"Amphenol";"77311-102-36LF";"DK:609-6203-ND";"M:77311-102-36LF";"Conn_01x0_P2.54mm_pinheader_vertical";"Generic connector, single row, 01x01, script generated (kicad-library-utils/schlib/autogen/connector/)";"1";"Omiconnecteur:PinHeader_1x01_P2.54mm_V_omi";"https://cdn.amphenol-cs.com/media/wysiwyg/files/documentation/datasheet/boardwiretoboard/bwb_bergstik.pdf";""
"J45";"Conn_01x0_P2.54mm_pinheader_vertical";"Amphenol";"77311-102-36LF";"DK:609-6203-ND";"M:77311-102-36LF";"Conn_01x0_P2.54mm_pinheader_vertical";"Generic connector, single row, 01x01, script generated (kicad-library-utils/schlib/autogen/connector/)";"1";"Omiconnecteur:PinHeader_1x01_P2.54mm_V_omi";"https://cdn.amphenol-cs.com/media/wysiwyg/files/documentation/datasheet/boardwiretoboard/bwb_bergstik.pdf";""
"J46";"Conn_01x0_P2.54mm_pinheader_vertical";"Amphenol";"77311-102-36LF";"DK:609-6203-ND";"M:77311-102-36LF";"Conn_01x0_P2.54mm_pinheader_vertical";"Generic connector, single row, 01x01, script generated (kicad-library-utils/schlib/autogen/connector/)";"1";"Omiconnecteur:PinHeader_1x01_P2.54mm_V_omi";"https://cdn.amphenol-cs.com/media/wysiwyg/files/documentation/datasheet/boardwiretoboard/bwb_bergstik.pdf";""
"J47";"Conn_01x0_P2.54mm_pinheader_vertical";"Amphenol";"77311-102-36LF";"DK:609-6203-ND";"M:77311-102-36LF";"Conn_01x0_P2.54mm_pinheader_vertical";"Generic connector, single row, 01x01, script generated (kicad-library-utils/schlib/autogen/connector/)";"1";"Omiconnecteur:PinHeader_1x01_P2.54mm_V_omi";"https://cdn.amphenol-cs.com/media/wysiwyg/files/documentation/datasheet/boardwiretoboard/bwb_bergstik.pdf";""
"J48";"Conn_01x0_P2.54mm_pinheader_vertical";"Amphenol";"77311-102-36LF";"DK:609-6203-ND";"M:77311-102-36LF";"Conn_01x0_P2.54mm_pinheader_vertical";"Generic connector, single row, 01x01, script generated (kicad-library-utils/schlib/autogen/connector/)";"1";"Omiconnecteur:PinHeader_1x01_P2.54mm_V_omi";"https://cdn.amphenol-cs.com/media/wysiwyg/files/documentation/datasheet/boardwiretoboard/bwb_bergstik.pdf";""
"J49";"Conn_01x0_P2.54mm_pinheader_vertical";"Amphenol";"77311-102-36LF";"DK:609-6203-ND";"M:77311-102-36LF";"Conn_01x0_P2.54mm_pinheader_vertical";"Generic connector, single row, 01x01, script generated (kicad-library-utils/schlib/autogen/connector/)";"1";"Omiconnecteur:PinHeader_1x01_P2.54mm_V_omi";"https://cdn.amphenol-cs.com/media/wysiwyg/files/documentation/datasheet/boardwiretoboard/bwb_bergstik.pdf";""
"J50";"Conn_01x0_P2.54mm_pinheader_vertical";"Amphenol";"77311-102-36LF";"DK:609-6203-ND";"M:77311-102-36LF";"Conn_01x0_P2.54mm_pinheader_vertical";"Generic connector, single row, 01x01, script generated (kicad-library-utils/schlib/autogen/connector/)";"1";"Omiconnecteur:PinHeader_1x01_P2.54mm_V_omi";"https://cdn.amphenol-cs.com/media/wysiwyg/files/documentation/datasheet/boardwiretoboard/bwb_bergstik.pdf";""
"J51";"Conn_01x0_P2.54mm_pinheader_vertical";"Amphenol";"77311-102-36LF";"DK:609-6203-ND";"M:77311-102-36LF";"Conn_01x0_P2.54mm_pinheader_vertical";"Generic connector, single row, 01x01, script generated (kicad-library-utils/schlib/autogen/connector/)";"1";"Omiconnecteur:PinHeader_1x01_P2.54mm_V_omi";"https://cdn.amphenol-cs.com/media/wysiwyg/files/documentation/datasheet/boardwiretoboard/bwb_bergstik.pdf";""
"J52";"Conn_01x0_P2.54mm_pinheader_vertical";"Amphenol";"77311-102-36LF";"DK:609-6203-ND";"M:77311-102-36LF";"Conn_01x0_P2.54mm_pinheader_vertical";"Generic connector, single row, 01x01, script generated (kicad-library-utils/schlib/autogen/connector/)";"1";"Omiconnecteur:PinHeader_1x01_P2.54mm_V_omi";"https://cdn.amphenol-cs.com/media/wysiwyg/files/documentation/datasheet/boardwiretoboard/bwb_bergstik.pdf";""
"J53";"Conn_01x0_P2.54mm_pinheader_vertical";"Amphenol";"77311-102-36LF";"DK:609-6203-ND";"M:77311-102-36LF";"Conn_01x0_P2.54mm_pinheader_vertical";"Generic connector, single row, 01x01, script generated (kicad-library-utils/schlib/autogen/connector/)";"1";"Omiconnecteur:PinHeader_1x01_P2.54mm_V_omi";"https://cdn.amphenol-cs.com/media/wysiwyg/files/documentation/datasheet/boardwiretoboard/bwb_bergstik.pdf";""
"J54";"Conn_01x0_P2.54mm_pinheader_vertical";"Amphenol";"77311-102-36LF";"DK:609-6203-ND";"M:77311-102-36LF";"Conn_01x0_P2.54mm_pinheader_vertical";"Generic connector, single row, 01x01, script generated (kicad-library-utils/schlib/autogen/connector/)";"1";"Omiconnecteur:PinHeader_1x01_P2.54mm_V_omi";"https://cdn.amphenol-cs.com/media/wysiwyg/files/documentation/datasheet/boardwiretoboard/bwb_bergstik.pdf";""
"J55";"Conn_01x0_P2.54mm_pinheader_vertical";"Amphenol";"77311-102-36LF";"DK:609-6203-ND";"M:77311-102-36LF";"Conn_01x0_P2.54mm_pinheader_vertical";"Generic connector, single row, 01x01, script generated (kicad-library-utils/schlib/autogen/connector/)";"1";"Omiconnecteur:PinHeader_1x01_P2.54mm_V_omi";"https://cdn.amphenol-cs.com/media/wysiwyg/files/documentation/datasheet/boardwiretoboard/bwb_bergstik.pdf";""
"J56";"Conn_01x0_P2.54mm_pinheader_vertical";"Amphenol";"77311-102-36LF";"DK:609-6203-ND";"M:77311-102-36LF";"Conn_01x0_P2.54mm_pinheader_vertical";"Generic connector, single row, 01x01, script generated (kicad-library-utils/schlib/autogen/connector/)";"1";"Omiconnecteur:PinHeader_1x01_P2.54mm_V_omi";"https://cdn.amphenol-cs.com/media/wysiwyg/files/documentation/datasheet/boardwiretoboard/bwb_bergstik.pdf";""
"J57";"Conn_01x0_P2.54mm_pinheader_vertical";"Amphenol";"77311-102-36LF";"DK:609-6203-ND";"M:77311-102-36LF";"Conn_01x0_P2.54mm_pinheader_vertical";"Generic connector, single row, 01x01, script generated (kicad-library-utils/schlib/autogen/connector/)";"1";"Omiconnecteur:PinHeader_1x01_P2.54mm_V_omi";"https://cdn.amphenol-cs.com/media/wysiwyg/files/documentation/datasheet/boardwiretoboard/bwb_bergstik.pdf";""
"J58";"Conn_01x0_P2.54mm_pinheader_vertical";"Amphenol";"77311-102-36LF";"DK:609-6203-ND";"M:77311-102-36LF";"Conn_01x0_P2.54mm_pinheader_vertical";"Generic connector, single row, 01x01, script generated (kicad-library-utils/schlib/autogen/connector/)";"1";"Omiconnecteur:PinHeader_1x01_P2.54mm_V_omi";"https://cdn.amphenol-cs.com/media/wysiwyg/files/documentation/datasheet/boardwiretoboard/bwb_bergstik.pdf";""
"J59";"Conn_01x0_P2.54mm_pinheader_vertical";"Amphenol";"77311-102-36LF";"DK:609-6203-ND";"M:77311-102-36LF";"Conn_01x0_P2.54mm_pinheader_vertical";"Generic connector, single row, 01x01, script generated (kicad-library-utils/schlib/autogen/connector/)";"1";"Omiconnecteur:PinHeader_1x01_P2.54mm_V_omi";"https://cdn.amphenol-cs.com/media/wysiwyg/files/documentation/datasheet/boardwiretoboard/bwb_bergstik.pdf";""
"J60";"Conn_01x0_P2.54mm_pinheader_vertical";"Amphenol";"77311-102-36LF";"DK:609-6203-ND";"M:77311-102-36LF";"Conn_01x0_P2.54mm_pinheader_vertical";"Generic connector, single row, 01x01, script generated (kicad-library-utils/schlib/autogen/connector/)";"1";"Omiconnecteur:PinHeader_1x01_P2.54mm_V_omi";"https://cdn.amphenol-cs.com/media/wysiwyg/files/documentation/datasheet/boardwiretoboard/bwb_bergstik.pdf";""
"J61";"Conn_01x0_P2.54mm_pinheader_vertical";"Amphenol";"77311-102-36LF";"DK:609-6203-ND";"M:77311-102-36LF";"Conn_01x0_P2.54mm_pinheader_vertical";"Generic connector, single row, 01x01, script generated (kicad-library-utils/schlib/autogen/connector/)";"1";"Omiconnecteur:PinHeader_1x01_P2.54mm_V_omi";"https://cdn.amphenol-cs.com/media/wysiwyg/files/documentation/datasheet/boardwiretoboard/bwb_bergstik.pdf";""
"J62";"Conn_01x0_P2.54mm_pinheader_vertical";"Amphenol";"77311-102-36LF";"DK:609-6203-ND";"M:77311-102-36LF";"Conn_01x0_P2.54mm_pinheader_vertical";"Generic connector, single row, 01x01, script generated (kicad-library-utils/schlib/autogen/connector/)";"1";"Omiconnecteur:PinHeader_1x01_P2.54mm_V_omi";"https://cdn.amphenol-cs.com/media/wysiwyg/files/documentation/datasheet/boardwiretoboard/bwb_bergstik.pdf";""
"J63";"Conn_01x0_P2.54mm_pinheader_vertical";"Amphenol";"77311-102-36LF";"DK:609-6203-ND";"M:77311-102-36LF";"Conn_01x0_P2.54mm_pinheader_vertical";"Generic connector, single row, 01x01, script generated (kicad-library-utils/schlib/autogen/connector/)";"1";"Omiconnecteur:PinHeader_1x01_P2.54mm_V_omi";"https://cdn.amphenol-cs.com/media/wysiwyg/files/documentation/datasheet/boardwiretoboard/bwb_bergstik.pdf";""
"J64";"Conn_01x0_P2.54mm_pinheader_vertical";"Amphenol";"77311-102-36LF";"DK:609-6203-ND";"M:77311-102-36LF";"Conn_01x0_P2.54mm_pinheader_vertical";"Generic connector, single row, 01x01, script generated (kicad-library-utils/schlib/autogen/connector/)";"1";"Omiconnecteur:PinHeader_1x01_P2.54mm_V_omi";"https://cdn.amphenol-cs.com/media/wysiwyg/files/documentation/datasheet/boardwiretoboard/bwb_bergstik.pdf";""
"J65";"Conn_01x0_P2.54mm_pinheader_vertical";"Amphenol";"77311-102-36LF";"DK:609-6203-ND";"M:77311-102-36LF";"Conn_01x0_P2.54mm_pinheader_vertical";"Generic connector, single row, 01x01, script generated (kicad-library-utils/schlib/autogen/connector/)";"1";"Omiconnecteur:PinHeader_1x01_P2.54mm_V_omi";"https://cdn.amphenol-cs.com/media/wysiwyg/files/documentation/datasheet/boardwiretoboard/bwb_bergstik.pdf";""
"J66";"Conn_01x0_P2.54mm_pinheader_vertical";"Amphenol";"77311-102-36LF";"DK:609-6203-ND";"M:77311-102-36LF";"Conn_01x0_P2.54mm_pinheader_vertical";"Generic connector, single row, 01x01, script generated (kicad-library-utils/schlib/autogen/connector/)";"1";"Omiconnecteur:PinHeader_1x01_P2.54mm_V_omi";"https://cdn.amphenol-cs.com/media/wysiwyg/files/documentation/datasheet/boardwiretoboard/bwb_bergstik.pdf";""
"J67";"Conn_01x0_P2.54mm_pinheader_vertical";"Amphenol";"77311-102-36LF";"DK:609-6203-ND";"M:77311-102-36LF";"Conn_01x0_P2.54mm_pinheader_vertical";"Generic connector, single row, 01x01, script generated (kicad-library-utils/schlib/autogen/connector/)";"1";"Omiconnecteur:PinHeader_1x01_P2.54mm_V_omi";"https://cdn.amphenol-cs.com/media/wysiwyg/files/documentation/datasheet/boardwiretoboard/bwb_bergstik.pdf";""
"J68";"Conn_01x0_P2.54mm_pinheader_vertical";"Amphenol";"77311-102-36LF";"DK:609-6203-ND";"M:77311-102-36LF";"Conn_01x0_P2.54mm_pinheader_vertical";"Generic connector, single row, 01x01, script generated (kicad-library-utils/schlib/autogen/connector/)";"1";"Omiconnecteur:PinHeader_1x01_P2.54mm_V_omi";"https://cdn.amphenol-cs.com/media/wysiwyg/files/documentation/datasheet/boardwiretoboard/bwb_bergstik.pdf";""
"J69";"Conn_01x0_P2.54mm_pinheader_vertical";"Amphenol";"77311-102-36LF";"DK:609-6203-ND";"M:77311-102-36LF";"Conn_01x0_P2.54mm_pinheader_vertical";"Generic connector, single row, 01x01, script generated (kicad-library-utils/schlib/autogen/connector/)";"1";"Omiconnecteur:PinHeader_1x01_P2.54mm_V_omi";"https://cdn.amphenol-cs.com/media/wysiwyg/files/documentation/datasheet/boardwiretoboard/bwb_bergstik.pdf";""
"J70";"Conn_01x0_P2.54mm_pinheader_vertical";"Amphenol";"77311-102-36LF";"DK:609-6203-ND";"M:77311-102-36LF";"Conn_01x0_P2.54mm_pinheader_vertical";"Generic connector, single row, 01x01, script generated (kicad-library-utils/schlib/autogen/connector/)";"1";"Omiconnecteur:PinHeader_1x01_P2.54mm_V_omi";"https://cdn.amphenol-cs.com/media/wysiwyg/files/documentation/datasheet/boardwiretoboard/bwb_bergstik.pdf";""
"J71";"Conn_01x0_P2.54mm_pinheader_vertical";"Amphenol";"77311-102-36LF";"DK:609-6203-ND";"M:77311-102-36LF";"Conn_01x0_P2.54mm_pinheader_vertical";"Generic connector, single row, 01x01, script generated (kicad-library-utils/schlib/autogen/connector/)";"1";"Omiconnecteur:PinHeader_1x01_P2.54mm_V_omi";"https://cdn.amphenol-cs.com/media/wysiwyg/files/documentation/datasheet/boardwiretoboard/bwb_bergstik.pdf";""
"J72";"Conn_01x0_P2.54mm_pinheader_vertical";"Amphenol";"77311-102-36LF";"DK:609-6203-ND";"M:77311-102-36LF";"Conn_01x0_P2.54mm_pinheader_vertical";"Generic connector, single row, 01x01, script generated (kicad-library-utils/schlib/autogen/connector/)";"1";"Omiconnecteur:PinHeader_1x01_P2.54mm_V_omi";"https://cdn.amphenol-cs.com/media/wysiwyg/files/documentation/datasheet/boardwiretoboard/bwb_bergstik.pdf";""
"J73";"Conn_01x0_P2.54mm_pinheader_vertical";"Amphenol";"77311-102-36LF";"DK:609-6203-ND";"M:77311-102-36LF";"Conn_01x0_P2.54mm_pinheader_vertical";"Generic connector, single row, 01x01, script generated (kicad-library-utils/schlib/autogen/connector/)";"1";"Omiconnecteur:PinHeader_1x01_P2.54mm_V_omi";"https://cdn.amphenol-cs.com/media/wysiwyg/files/documentation/datasheet/boardwiretoboard/bwb_bergstik.pdf";""
"J74";"Conn_01x0_P2.54mm_pinheader_vertical";"Amphenol";"77311-102-36LF";"DK:609-6203-ND";"M:77311-102-36LF";"Conn_01x0_P2.54mm_pinheader_vertical";"Generic connector, single row, 01x01, script generated (kicad-library-utils/schlib/autogen/connector/)";"1";"Omiconnecteur:PinHeader_1x01_P2.54mm_V_omi";"https://cdn.amphenol-cs.com/media/wysiwyg/files/documentation/datasheet/boardwiretoboard/bwb_bergstik.pdf";""
"J75";"Conn_01x0_P2.54mm_pinheader_vertical";"Amphenol";"77311-102-36LF";"DK:609-6203-ND";"M:77311-102-36LF";"Conn_01x0_P2.54mm_pinheader_vertical";"Generic connector, single row, 01x01, script generated (kicad-library-utils/schlib/autogen/connector/)";"1";"Omiconnecteur:PinHeader_1x01_P2.54mm_V_omi";"https://cdn.amphenol-cs.com/media/wysiwyg/files/documentation/datasheet/boardwiretoboard/bwb_bergstik.pdf";""
"J76";"Conn_01x0_P2.54mm_pinheader_vertical";"Amphenol";"77311-102-36LF";"DK:609-6203-ND";"M:77311-102-36LF";"Conn_01x0_P2.54mm_pinheader_vertical";"Generic connector, single row, 01x01, script generated (kicad-library-utils/schlib/autogen/connector/)";"1";"Omiconnecteur:PinHeader_1x01_P2.54mm_V_omi";"https://cdn.amphenol-cs.com/media/wysiwyg/files/documentation/datasheet/boardwiretoboard/bwb_bergstik.pdf";""
"J77";"Conn_01x0_P2.54mm_pinheader_vertical";"Amphenol";"77311-102-36LF";"DK:609-6203-ND";"M:77311-102-36LF";"Conn_01x0_P2.54mm_pinheader_vertical";"Generic connector, single row, 01x01, script generated (kicad-library-utils/schlib/autogen/connector/)";"1";"Omiconnecteur:PinHeader_1x01_P2.54mm_V_omi";"https://cdn.amphenol-cs.com/media/wysiwyg/files/documentation/datasheet/boardwiretoboard/bwb_bergstik.pdf";""
"J78";"Conn_01x0_P2.54mm_pinheader_vertical";"Amphenol";"77311-102-36LF";"DK:609-6203-ND";"M:77311-102-36LF";"Conn_01x0_P2.54mm_pinheader_vertical";"Generic connector, single row, 01x01, script generated (kicad-library-utils/schlib/autogen/connector/)";"1";"Omiconnecteur:PinHeader_1x01_P2.54mm_V_omi";"https://cdn.amphenol-cs.com/media/wysiwyg/files/documentation/datasheet/boardwiretoboard/bwb_bergstik.pdf";""
"J79";"Conn_01x0_P2.54mm_pinheader_vertical";"Amphenol";"77311-102-36LF";"DK:609-6203-ND";"M:77311-102-36LF";"Conn_01x0_P2.54mm_pinheader_vertical";"Generic connector, single row, 01x01, script generated (kicad-library-utils/schlib/autogen/connector/)";"1";"Omiconnecteur:PinHeader_1x01_P2.54mm_V_omi";"https://cdn.amphenol-cs.com/media/wysiwyg/files/documentation/datasheet/boardwiretoboard/bwb_bergstik.pdf";""
"J80";"Conn_01x0_P2.54mm_pinheader_vertical";"Amphenol";"77311-102-36LF";"DK:609-6203-ND";"M:77311-102-36LF";"Conn_01x0_P2.54mm_pinheader_vertical";"Generic connector, single row, 01x01, script generated (kicad-library-utils/schlib/autogen/connector/)";"1";"Omiconnecteur:PinHeader_1x01_P2.54mm_V_omi";"https://cdn.amphenol-cs.com/media/wysiwyg/files/documentation/datasheet/boardwiretoboard/bwb_bergstik.pdf";""
"J81";"Conn_01x0_P2.54mm_pinheader_vertical";"Amphenol";"77311-102-36LF";"DK:609-6203-ND";"M:77311-102-36LF";"Conn_01x0_P2.54mm_pinheader_vertical";"Generic connector, single row, 01x01, script generated (kicad-library-utils/schlib/autogen/connector/)";"1";"Omiconnecteur:PinHeader_1x01_P2.54mm_V_omi";"https://cdn.amphenol-cs.com/media/wysiwyg/files/documentation/datasheet/boardwiretoboard/bwb_bergstik.pdf";""
"J82";"Conn_01x0_P2.54mm_pinheader_vertical";"Amphenol";"77311-102-36LF";"DK:609-6203-ND";"M:77311-102-36LF";"Conn_01x0_P2.54mm_pinheader_vertical";"Generic connector, single row, 01x01, script generated (kicad-library-utils/schlib/autogen/connector/)";"1";"Omiconnecteur:PinHeader_1x01_P2.54mm_V_omi";"https://cdn.amphenol-cs.com/media/wysiwyg/files/documentation/datasheet/boardwiretoboard/bwb_bergstik.pdf";""
"J83";"Conn_01x0_P2.54mm_pinheader_vertical";"Amphenol";"77311-102-36LF";"DK:609-6203-ND";"M:77311-102-36LF";"Conn_01x0_P2.54mm_pinheader_vertical";"Generic connector, single row, 01x01, script generated (kicad-library-utils/schlib/autogen/connector/)";"1";"Omiconnecteur:PinHeader_1x01_P2.54mm_V_omi";"https://cdn.amphenol-cs.com/media/wysiwyg/files/documentation/datasheet/boardwiretoboard/bwb_bergstik.pdf";""
"J84";"Conn_01x0_P2.54mm_pinheader_vertical";"Amphenol";"77311-102-36LF";"DK:609-6203-ND";"M:77311-102-36LF";"Conn_01x0_P2.54mm_pinheader_vertical";"Generic connector, single row, 01x01, script generated (kicad-library-utils/schlib/autogen/connector/)";"1";"Omiconnecteur:PinHeader_1x01_P2.54mm_V_omi";"https://cdn.amphenol-cs.com/media/wysiwyg/files/documentation/datasheet/boardwiretoboard/bwb_bergstik.pdf";""
"J85";"Conn_01x0_P2.54mm_pinheader_vertical";"Amphenol";"77311-102-36LF";"DK:609-6203-ND";"M:77311-102-36LF";"Conn_01x0_P2.54mm_pinheader_vertical";"Generic connector, single row, 01x01, script generated (kicad-library-utils/schlib/autogen/connector/)";"1";"Omiconnecteur:PinHeader_1x01_P2.54mm_V_omi";"https://cdn.amphenol-cs.com/media/wysiwyg/files/documentation/datasheet/boardwiretoboard/bwb_bergstik.pdf";""
"J86";"Conn_01x0_P2.54mm_pinheader_vertical";"Amphenol";"77311-102-36LF";"DK:609-6203-ND";"M:77311-102-36LF";"Conn_01x0_P2.54mm_pinheader_vertical";"Generic connector, single row, 01x01, script generated (kicad-library-utils/schlib/autogen/connector/)";"1";"Omiconnecteur:PinHeader_1x01_P2.54mm_V_omi";"https://cdn.amphenol-cs.com/media/wysiwyg/files/documentation/datasheet/boardwiretoboard/bwb_bergstik.pdf";""
"J87";"Conn_01x0_P2.54mm_pinheader_vertical";"Amphenol";"77311-102-36LF";"DK:609-6203-ND";"M:77311-102-36LF";"Conn_01x0_P2.54mm_pinheader_vertical";"Generic connector, single row, 01x01, script generated (kicad-library-utils/schlib/autogen/connector/)";"1";"Omiconnecteur:PinHeader_1x01_P2.54mm_V_omi";"https://cdn.amphenol-cs.com/media/wysiwyg/files/documentation/datasheet/boardwiretoboard/bwb_bergstik.pdf";""
"J88";"Conn_01x0_P2.54mm_pinheader_vertical";"Amphenol";"77311-102-36LF";"DK:609-6203-ND";"M:77311-102-36LF";"Conn_01x0_P2.54mm_pinheader_vertical";"Generic connector, single row, 01x01, script generated (kicad-library-utils/schlib/autogen/connector/)";"1";"Omiconnecteur:PinHeader_1x01_P2.54mm_V_omi";"https://cdn.amphenol-cs.com/media/wysiwyg/files/documentation/datasheet/boardwiretoboard/bwb_bergstik.pdf";""
"J89";"Conn_01x0_P2.54mm_pinheader_vertical";"Amphenol";"77311-102-36LF";"DK:609-6203-ND";"M:77311-102-36LF";"Conn_01x0_P2.54mm_pinheader_vertical";"Generic connector, single row, 01x01, script generated (kicad-library-utils/schlib/autogen/connector/)";"1";"Omiconnecteur:PinHeader_1x01_P2.54mm_V_omi";"https://cdn.amphenol-cs.com/media/wysiwyg/files/documentation/datasheet/boardwiretoboard/bwb_bergstik.pdf";""
"J90";"Conn_01x0_P2.54mm_pinheader_vertical";"Amphenol";"77311-102-36LF";"DK:609-6203-ND";"M:77311-102-36LF";"Conn_01x0_P2.54mm_pinheader_vertical";"Generic connector, single row, 01x01, script generated (kicad-library-utils/schlib/autogen/connector/)";"1";"Omiconnecteur:PinHeader_1x01_P2.54mm_V_omi";"https://cdn.amphenol-cs.com/media/wysiwyg/files/documentation/datasheet/boardwiretoboard/bwb_bergstik.pdf";""
"J91";"Conn_01x0_P2.54mm_pinheader_vertical";"Amphenol";"77311-102-36LF";"DK:609-6203-ND";"M:77311-102-36LF";"Conn_01x0_P2.54mm_pinheader_vertical";"Generic connector, single row, 01x01, script generated (kicad-library-utils/schlib/autogen/connector/)";"1";"Omiconnecteur:PinHeader_1x01_P2.54mm_V_omi";"https://cdn.amphenol-cs.com/media/wysiwyg/files/documentation/datasheet/boardwiretoboard/bwb_bergstik.pdf";""
"R1";"1";"Vishay";"CRCW12061R00FKEAHP";"812-1821P";"";"R";"Resistor";"1";"Omipassif:C_1206_3216Metric_Pad1.33x1.80mm_HandSolder";"https://docs.rs-online.com/03b5/0900766b814c547a.pdf";""
"R2";"10";"Vishay";"RLP0310R00FB15";"788-8093 (RS)";"";"R";"Resistor";"1";"Omipassif:C_1206_3216Metric_Pad1.33x1.80mm_HandSolder";"https://docs.rs-online.com/8e1e/0900766b80ed1e4d.pdf";""
"R3";"100";"Vishay";"RCP1206W100RGEB";"880-2188 (Rs)";"";"R";"Resistor";"1";"Omipassif:C_1206_3216Metric_Pad1.33x1.80mm_HandSolder";"https://docs.rs-online.com/2204/0900766b81433c76.pdf";""
"R4";"1k";"Vishay";"CRCW12061K00FKEA";"679-1844(Rs)";"";"R";"Resistor";"1";"Omipassif:C_1206_3216Metric_Pad1.33x1.80mm_HandSolder";"https://docs.rs-online.com/7965/0900766b817283b3.pdf";""
"R5";"10k";"Vishay";"P2TC1206D1002LNTA";"218-2759 (RS)";"";"R";"Resistor";"1";"Omipassif:C_1206_3216Metric_Pad1.33x1.80mm_HandSolder";"https://docs.rs-online.com/394c/A700000007558145.pdf";""
"R6";"100k";"Vishay";"";"684-2645 (RS)";"";"R";"Resistor";"1";"Omipassif:C_1206_3216Metric_Pad1.33x1.80mm_HandSolder";"https://docs.rs-online.com/d7c1/0900766b808c7a88.pdf";""
"R7";"1M";"Vishay";"P1206Y1004BNTA";"684-2601(RS)";"";"R";"Resistor";"1";"Omipassif:C_1206_3216Metric_Pad1.33x1.80mm_HandSolder";"https://docs.rs-online.com/d7c1/0900766b808c7a88.pdf";""
"R8";"10M";"Vishay";"CRHV1206AF10M0FKET";"819-8732P(RS)";"";"R";"Resistor";"1";"Omipassif:C_1206_3216Metric_Pad1.33x1.80mm_HandSolder";"https://docs.rs-online.com/ca85/0900766b8130adb2.pdf";""
"R9";"100M";"Vishay";"CRHV1206AF100MFKET";"819-8745P";"";"R";"Resistor";"1";"Omipassif:C_1206_3216Metric_Pad1.33x1.80mm_HandSolder";"https://docs.rs-online.com/ca85/0900766b8130adb2.pdf";""
"R10";"500M";"Vishay";"CRHV2512AF500MFKET";"819-8773(RS)";"";"R";"Resistor";"1";"Omipassif:C_1206_3216Metric_Pad1.33x1.80mm_HandSolder";"https://docs.rs-online.com/ca85/0900766b8130adb2.pdf";""
"R11";"X";"";"";"";"";"R";"Resistor";"1";"Omipassif:C_1206_3216Metric_Pad1.33x1.80mm_HandSolder";"~";""
"R12";"X";"";"";"";"";"R";"Resistor";"1";"Omipassif:C_1206_3216Metric_Pad1.33x1.80mm_HandSolder";"~";""
